session_date,phase,selected_by_ensemble,feature_name,bucket_label,risk_multiplier,skip_trade
2019-05-07,is,True,realized_vol_ratio_15_60,high,0.75,False
2019-05-09,is,True,realized_vol_ratio_15_60,high,0.75,False
2019-05-13,is,True,realized_vol_ratio_15_60,high,0.75,False
2019-05-20,is,True,realized_vol_ratio_15_60,low,0.5,False
2019-06-03,is,True,realized_vol_ratio_15_60,high,0.75,False
2019-06-18,is,True,realized_vol_ratio_15_60,low,0.5,False
2019-08-02,is,True,realized_vol_ratio_15_60,low,0.5,False
2019-08-06,is,True,realized_vol_ratio_15_60,low,0.5,False
2019-08-07,is,True,realized_vol_ratio_15_60,mid,1.0,False
2019-08-13,is,True,realized_vol_ratio_15_60,low,0.5,False
2019-08-14,is,True,realized_vol_ratio_15_60,low,0.5,False
2019-08-23,is,True,realized_vol_ratio_15_60,high,0.75,False
2019-09-03,is,True,realized_vol_ratio_15_60,high,0.75,False
2019-10-03,is,True,realized_vol_ratio_15_60,high,0.75,False
2019-10-04,is,True,realized_vol_ratio_15_60,low,0.5,False
2019-12-12,is,True,realized_vol_ratio_15_60,low,0.5,False
2019-12-13,is,True,realized_vol_ratio_15_60,low,0.5,False
2020-01-31,is,True,realized_vol_ratio_15_60,mid,1.0,False
2020-02-05,is,True,realized_vol_ratio_15_60,mid,1.0,False
2020-02-21,is,True,realized_vol_ratio_15_60,low,0.5,False
2020-02-25,is,True,realized_vol_ratio_15_60,low,0.5,False
2020-02-26,is,True,realized_vol_ratio_15_60,low,0.5,False
2020-02-27,is,True,realized_vol_ratio_15_60,low,0.5,False
2020-03-04,is,True,realized_vol_ratio_15_60,low,0.5,False
2020-03-05,is,True,realized_vol_ratio_15_60,low,0.5,False
2020-03-06,is,True,realized_vol_ratio_15_60,low,0.5,False
2020-03-10,is,True,realized_vol_ratio_15_60,low,0.5,False
2020-03-11,is,True,realized_vol_ratio_15_60,low,0.5,False
2020-03-24,is,True,realized_vol_ratio_15_60,low,0.5,False
2020-03-27,is,True,realized_vol_ratio_15_60,high,0.75,False
2020-03-30,is,True,realized_vol_ratio_15_60,mid,1.0,False
2020-03-31,is,True,realized_vol_ratio_15_60,high,0.75,False
2020-04-01,is,True,realized_vol_ratio_15_60,low,0.5,False
2020-04-02,is,True,realized_vol_ratio_15_60,low,0.5,False
2020-04-03,is,True,realized_vol_ratio_15_60,low,0.5,False
2020-04-06,is,True,realized_vol_ratio_15_60,high,0.75,False
2020-04-07,is,True,realized_vol_ratio_15_60,low,0.5,False
2020-04-08,is,True,realized_vol_ratio_15_60,low,0.5,False
2020-04-09,is,True,realized_vol_ratio_15_60,mid,1.0,False
2020-04-13,is,True,realized_vol_ratio_15_60,mid,1.0,False
2020-04-14,is,True,realized_vol_ratio_15_60,mid,1.0,False
2020-04-16,is,True,realized_vol_ratio_15_60,high,0.75,False
2020-04-17,is,True,realized_vol_ratio_15_60,mid,1.0,False
2020-04-20,is,True,realized_vol_ratio_15_60,mid,1.0,False
2020-04-21,is,True,realized_vol_ratio_15_60,low,0.5,False
2020-04-22,is,True,realized_vol_ratio_15_60,low,0.5,False
2020-04-23,is,True,realized_vol_ratio_15_60,low,0.5,False
2020-04-27,is,True,realized_vol_ratio_15_60,low,0.5,False
2020-04-28,is,True,realized_vol_ratio_15_60,mid,1.0,False
2020-04-29,is,True,realized_vol_ratio_15_60,low,0.5,False
2020-04-30,is,True,realized_vol_ratio_15_60,high,0.75,False
2020-05-01,is,True,realized_vol_ratio_15_60,high,0.75,False
2020-05-04,is,True,realized_vol_ratio_15_60,mid,1.0,False
2020-05-06,is,True,realized_vol_ratio_15_60,high,0.75,False
2020-05-07,is,True,realized_vol_ratio_15_60,mid,1.0,False
2020-05-13,is,True,realized_vol_ratio_15_60,low,0.5,False
2020-05-14,is,True,realized_vol_ratio_15_60,mid,1.0,False
2020-05-15,is,True,realized_vol_ratio_15_60,low,0.5,False
2020-05-18,is,True,realized_vol_ratio_15_60,low,0.5,False
2020-05-19,is,True,realized_vol_ratio_15_60,low,0.5,False
2020-05-21,is,True,realized_vol_ratio_15_60,high,0.75,False
2020-05-27,is,True,realized_vol_ratio_15_60,low,0.5,False
2020-05-28,is,True,realized_vol_ratio_15_60,high,0.75,False
2020-05-29,is,True,realized_vol_ratio_15_60,high,0.75,False
2020-06-01,is,True,realized_vol_ratio_15_60,low,0.5,False
2020-06-03,is,True,realized_vol_ratio_15_60,mid,1.0,False
2020-06-08,is,True,realized_vol_ratio_15_60,high,0.75,False
2020-06-09,is,True,realized_vol_ratio_15_60,mid,1.0,False
2020-06-10,is,True,realized_vol_ratio_15_60,high,0.75,False
2020-06-11,is,True,realized_vol_ratio_15_60,mid,1.0,False
2020-06-12,is,True,realized_vol_ratio_15_60,mid,1.0,False
2020-06-15,is,True,realized_vol_ratio_15_60,low,0.5,False
2020-06-16,is,True,realized_vol_ratio_15_60,high,0.75,False
2020-06-17,is,True,realized_vol_ratio_15_60,high,0.75,False
2020-06-18,is,True,realized_vol_ratio_15_60,low,0.5,False
2020-06-22,is,True,realized_vol_ratio_15_60,high,0.75,False
2020-06-24,is,True,realized_vol_ratio_15_60,high,0.75,False
2020-06-26,is,True,realized_vol_ratio_15_60,low,0.5,False
2020-06-29,is,True,realized_vol_ratio_15_60,low,0.5,False
2020-06-30,is,True,realized_vol_ratio_15_60,mid,1.0,False
2020-07-01,is,True,realized_vol_ratio_15_60,low,0.5,False
2020-07-02,is,True,realized_vol_ratio_15_60,high,0.75,False
2020-07-06,is,True,realized_vol_ratio_15_60,high,0.75,False
2020-07-07,is,True,realized_vol_ratio_15_60,low,0.5,False
2020-07-08,is,True,realized_vol_ratio_15_60,high,0.75,False
2020-07-09,is,True,realized_vol_ratio_15_60,low,0.5,False
2020-07-10,is,True,realized_vol_ratio_15_60,high,0.75,False
2020-07-13,is,True,realized_vol_ratio_15_60,low,0.5,False
2020-07-15,is,True,realized_vol_ratio_15_60,high,0.75,False
2020-07-16,is,True,realized_vol_ratio_15_60,mid,1.0,False
2020-07-17,is,True,realized_vol_ratio_15_60,low,0.5,False
2020-07-20,is,True,realized_vol_ratio_15_60,low,0.5,False
2020-07-21,is,True,realized_vol_ratio_15_60,mid,1.0,False
2020-07-22,is,True,realized_vol_ratio_15_60,low,0.5,False
2020-07-23,is,True,realized_vol_ratio_15_60,high,0.75,False
2020-07-24,is,True,realized_vol_ratio_15_60,low,0.5,False
2020-07-27,is,True,realized_vol_ratio_15_60,mid,1.0,False
2020-07-29,is,True,realized_vol_ratio_15_60,high,0.75,False
2020-07-30,is,True,realized_vol_ratio_15_60,low,0.5,False
2020-07-31,is,True,realized_vol_ratio_15_60,mid,1.0,False
2020-08-03,is,True,realized_vol_ratio_15_60,high,0.75,False
2020-08-04,is,True,realized_vol_ratio_15_60,low,0.5,False
2020-08-05,is,True,realized_vol_ratio_15_60,low,0.5,False
2020-08-10,is,True,realized_vol_ratio_15_60,high,0.75,False
2020-08-11,is,True,realized_vol_ratio_15_60,mid,1.0,False
2020-08-12,is,True,realized_vol_ratio_15_60,low,0.5,False
2020-08-13,is,True,realized_vol_ratio_15_60,low,0.5,False
2020-08-14,is,True,realized_vol_ratio_15_60,mid,1.0,False
2020-08-18,is,True,realized_vol_ratio_15_60,high,0.75,False
2020-08-21,is,True,realized_vol_ratio_15_60,low,0.5,False
2020-08-24,is,True,realized_vol_ratio_15_60,high,0.75,False
2020-08-25,is,True,realized_vol_ratio_15_60,low,0.5,False
2020-08-27,is,True,realized_vol_ratio_15_60,low,0.5,False
2020-08-28,is,True,realized_vol_ratio_15_60,high,0.75,False
2020-08-31,is,True,realized_vol_ratio_15_60,low,0.5,False
2020-09-01,is,True,realized_vol_ratio_15_60,mid,1.0,False
2020-09-02,is,True,realized_vol_ratio_15_60,high,0.75,False
2020-09-03,is,True,realized_vol_ratio_15_60,mid,1.0,False
2020-09-09,is,True,realized_vol_ratio_15_60,mid,1.0,False
2020-09-10,is,True,realized_vol_ratio_15_60,mid,1.0,False
2020-09-14,is,True,realized_vol_ratio_15_60,mid,1.0,False
2020-09-15,is,True,realized_vol_ratio_15_60,low,0.5,False
2020-09-16,is,True,realized_vol_ratio_15_60,low,0.5,False
2020-09-17,is,True,realized_vol_ratio_15_60,low,0.5,False
2020-09-21,is,True,realized_vol_ratio_15_60,low,0.5,False
2020-09-22,is,True,realized_vol_ratio_15_60,mid,1.0,False
2020-09-23,is,True,realized_vol_ratio_15_60,high,0.75,False
2020-09-25,is,True,realized_vol_ratio_15_60,high,0.75,False
2020-09-28,is,True,realized_vol_ratio_15_60,low,0.5,False
2020-09-29,is,True,realized_vol_ratio_15_60,low,0.5,False
2020-09-30,is,True,realized_vol_ratio_15_60,high,0.75,False
2020-10-01,is,True,realized_vol_ratio_15_60,high,0.75,False
2020-10-02,is,True,realized_vol_ratio_15_60,high,0.75,False
2020-10-05,is,True,realized_vol_ratio_15_60,high,0.75,False
2020-10-06,is,True,realized_vol_ratio_15_60,low,0.5,False
2020-10-08,is,True,realized_vol_ratio_15_60,high,0.75,False
2020-10-09,is,True,realized_vol_ratio_15_60,high,0.75,False
2020-10-13,is,True,realized_vol_ratio_15_60,low,0.5,False
2020-10-14,is,True,realized_vol_ratio_15_60,mid,1.0,False
2020-10-16,is,True,realized_vol_ratio_15_60,high,0.75,False
2020-10-19,is,True,realized_vol_ratio_15_60,high,0.75,False
2020-10-20,is,True,realized_vol_ratio_15_60,mid,1.0,False
2020-10-21,is,True,realized_vol_ratio_15_60,low,0.5,False
2020-10-22,is,True,realized_vol_ratio_15_60,mid,1.0,False
2020-10-23,is,True,realized_vol_ratio_15_60,high,0.75,False
2020-10-26,is,True,realized_vol_ratio_15_60,high,0.75,False
2020-10-27,is,True,realized_vol_ratio_15_60,low,0.5,False
2020-10-28,is,True,realized_vol_ratio_15_60,high,0.75,False
2020-10-29,is,True,realized_vol_ratio_15_60,mid,1.0,False
2020-10-30,is,True,realized_vol_ratio_15_60,mid,1.0,False
2020-11-02,is,True,realized_vol_ratio_15_60,mid,1.0,False
2020-11-03,is,True,realized_vol_ratio_15_60,mid,1.0,False
2020-11-05,is,True,realized_vol_ratio_15_60,mid,1.0,False
2020-11-06,is,True,realized_vol_ratio_15_60,low,0.5,False
2020-11-10,is,True,realized_vol_ratio_15_60,low,0.5,False
2020-11-11,is,True,realized_vol_ratio_15_60,low,0.5,False
2020-11-12,is,True,realized_vol_ratio_15_60,low,0.5,False
2020-11-13,is,True,realized_vol_ratio_15_60,high,0.75,False
2020-11-16,is,True,realized_vol_ratio_15_60,low,0.5,False
2020-11-19,is,True,realized_vol_ratio_15_60,mid,1.0,False
2020-11-23,is,True,realized_vol_ratio_15_60,mid,1.0,False
2020-11-24,is,True,realized_vol_ratio_15_60,mid,1.0,False
2020-11-25,is,True,realized_vol_ratio_15_60,high,0.75,False
2020-11-27,is,True,realized_vol_ratio_15_60,mid,1.0,False
2020-11-30,is,True,realized_vol_ratio_15_60,low,0.5,False
2020-12-01,is,True,realized_vol_ratio_15_60,high,0.75,False
2020-12-02,is,True,realized_vol_ratio_15_60,low,0.5,False
2020-12-03,is,True,realized_vol_ratio_15_60,high,0.75,False
2020-12-07,is,True,realized_vol_ratio_15_60,high,0.75,False
2020-12-10,is,True,realized_vol_ratio_15_60,low,0.5,False
2020-12-11,is,True,realized_vol_ratio_15_60,low,0.5,False
2020-12-14,is,True,realized_vol_ratio_15_60,low,0.5,False
2020-12-21,is,True,realized_vol_ratio_15_60,high,0.75,False
2020-12-22,is,True,realized_vol_ratio_15_60,mid,1.0,False
2020-12-29,is,True,realized_vol_ratio_15_60,high,0.75,False
2020-12-30,is,True,realized_vol_ratio_15_60,mid,1.0,False
2021-01-04,is,True,realized_vol_ratio_15_60,mid,1.0,False
2021-01-05,is,True,realized_vol_ratio_15_60,high,0.75,False
2021-01-06,is,True,realized_vol_ratio_15_60,low,0.5,False
2021-01-07,is,True,realized_vol_ratio_15_60,mid,1.0,False
2021-01-08,is,True,realized_vol_ratio_15_60,low,0.5,False
2021-01-11,is,True,realized_vol_ratio_15_60,low,0.5,False
2021-01-13,is,True,realized_vol_ratio_15_60,low,0.5,False
2021-01-15,is,True,realized_vol_ratio_15_60,mid,1.0,False
2021-01-20,is,True,realized_vol_ratio_15_60,mid,1.0,False
2021-01-21,is,True,realized_vol_ratio_15_60,low,0.5,False
2021-01-22,is,True,realized_vol_ratio_15_60,mid,1.0,False
2021-01-25,is,True,realized_vol_ratio_15_60,low,0.5,False
2021-01-26,is,True,realized_vol_ratio_15_60,low,0.5,False
2021-01-27,is,True,realized_vol_ratio_15_60,low,0.5,False
2021-01-28,is,True,realized_vol_ratio_15_60,mid,1.0,False
2021-01-29,is,True,realized_vol_ratio_15_60,low,0.5,False
2021-02-01,is,True,realized_vol_ratio_15_60,low,0.5,False
2021-02-02,is,True,realized_vol_ratio_15_60,high,0.75,False
2021-02-03,is,True,realized_vol_ratio_15_60,mid,1.0,False
2021-02-04,is,True,realized_vol_ratio_15_60,high,0.75,False
2021-02-05,is,True,realized_vol_ratio_15_60,high,0.75,False
2021-02-08,is,True,realized_vol_ratio_15_60,mid,1.0,False
2021-02-09,is,True,realized_vol_ratio_15_60,mid,1.0,False
2021-02-10,is,True,realized_vol_ratio_15_60,mid,1.0,False
2021-02-16,is,True,realized_vol_ratio_15_60,low,0.5,False
2021-02-17,is,True,realized_vol_ratio_15_60,mid,1.0,False
2021-02-18,is,True,realized_vol_ratio_15_60,high,0.75,False
2021-02-19,is,True,realized_vol_ratio_15_60,high,0.75,False
2021-02-22,is,True,realized_vol_ratio_15_60,mid,1.0,False
2021-02-23,is,True,realized_vol_ratio_15_60,low,0.5,False
2021-02-25,is,True,realized_vol_ratio_15_60,low,0.5,False
2021-03-01,is,True,realized_vol_ratio_15_60,low,0.5,False
2021-03-02,is,True,realized_vol_ratio_15_60,high,0.75,False
2021-03-03,is,True,realized_vol_ratio_15_60,high,0.75,False
2021-03-09,is,True,realized_vol_ratio_15_60,low,0.5,False
2021-03-10,is,True,realized_vol_ratio_15_60,low,0.5,False
2021-03-11,is,True,realized_vol_ratio_15_60,mid,1.0,False
2021-03-12,is,True,realized_vol_ratio_15_60,low,0.5,False
2021-03-15,is,True,realized_vol_ratio_15_60,mid,1.0,False
2021-03-16,is,True,realized_vol_ratio_15_60,mid,1.0,False
2021-03-17,is,True,realized_vol_ratio_15_60,high,0.75,False
2021-03-18,is,True,realized_vol_ratio_15_60,high,0.75,False
2021-03-22,is,True,realized_vol_ratio_15_60,low,0.5,False
2021-03-23,is,True,realized_vol_ratio_15_60,mid,1.0,False
2021-03-24,is,True,realized_vol_ratio_15_60,mid,1.0,False
2021-03-25,is,True,realized_vol_ratio_15_60,high,0.75,False
2021-03-26,is,True,realized_vol_ratio_15_60,high,0.75,False
2021-03-29,is,True,realized_vol_ratio_15_60,high,0.75,False
2021-03-30,is,True,realized_vol_ratio_15_60,mid,1.0,False
2021-03-31,is,True,realized_vol_ratio_15_60,high,0.75,False
2021-04-01,is,True,realized_vol_ratio_15_60,high,0.75,False
2021-04-05,is,True,realized_vol_ratio_15_60,mid,1.0,False
2021-04-06,is,True,realized_vol_ratio_15_60,low,0.5,False
2021-04-07,is,True,realized_vol_ratio_15_60,high,0.75,False
2021-04-08,is,True,realized_vol_ratio_15_60,low,0.5,False
2021-04-09,is,True,realized_vol_ratio_15_60,low,0.5,False
2021-04-14,is,True,realized_vol_ratio_15_60,low,0.5,False
2021-04-15,is,True,realized_vol_ratio_15_60,high,0.75,False
2021-04-19,is,True,realized_vol_ratio_15_60,high,0.75,False
2021-04-20,is,True,realized_vol_ratio_15_60,mid,1.0,False
2021-04-21,is,True,realized_vol_ratio_15_60,mid,1.0,False
2021-04-22,is,True,realized_vol_ratio_15_60,low,0.5,False
2021-04-23,is,True,realized_vol_ratio_15_60,mid,1.0,False
2021-04-27,is,True,realized_vol_ratio_15_60,high,0.75,False
2021-04-29,is,True,realized_vol_ratio_15_60,high,0.75,False
2021-04-30,is,True,realized_vol_ratio_15_60,mid,1.0,False
2021-05-03,is,True,realized_vol_ratio_15_60,high,0.75,False
2021-05-04,is,True,realized_vol_ratio_15_60,low,0.5,False
2021-05-05,is,True,realized_vol_ratio_15_60,mid,1.0,False
2021-05-06,is,True,realized_vol_ratio_15_60,high,0.75,False
2021-05-07,is,True,realized_vol_ratio_15_60,low,0.5,False
2021-05-10,is,True,realized_vol_ratio_15_60,mid,1.0,False
2021-05-11,is,True,realized_vol_ratio_15_60,low,0.5,False
2021-05-12,is,True,realized_vol_ratio_15_60,low,0.5,False
2021-05-13,is,True,realized_vol_ratio_15_60,mid,1.0,False
2021-05-14,is,True,realized_vol_ratio_15_60,low,0.5,False
2021-05-17,is,True,realized_vol_ratio_15_60,mid,1.0,False
2021-05-18,is,True,realized_vol_ratio_15_60,low,0.5,False
2021-05-19,is,True,realized_vol_ratio_15_60,low,0.5,False
2021-05-20,is,True,realized_vol_ratio_15_60,high,0.75,False
2021-05-21,is,True,realized_vol_ratio_15_60,mid,1.0,False
2021-05-24,is,True,realized_vol_ratio_15_60,mid,1.0,False
2021-05-25,is,True,realized_vol_ratio_15_60,mid,1.0,False
2021-05-26,is,True,realized_vol_ratio_15_60,low,0.5,False
2021-05-27,is,True,realized_vol_ratio_15_60,low,0.5,False
2021-06-01,is,True,realized_vol_ratio_15_60,high,0.75,False
2021-06-03,is,True,realized_vol_ratio_15_60,mid,1.0,False
2021-06-04,is,True,realized_vol_ratio_15_60,low,0.5,False
2021-06-07,is,True,realized_vol_ratio_15_60,low,0.5,False
2021-06-08,is,True,realized_vol_ratio_15_60,high,0.75,False
2021-06-09,is,True,realized_vol_ratio_15_60,low,0.5,False
2021-06-15,is,True,realized_vol_ratio_15_60,mid,1.0,False
2021-06-17,is,True,realized_vol_ratio_15_60,low,0.5,False
2021-06-21,is,True,realized_vol_ratio_15_60,low,0.5,False
2021-06-22,is,True,realized_vol_ratio_15_60,low,0.5,False
2021-06-25,is,True,realized_vol_ratio_15_60,high,0.75,False
2021-06-28,is,True,realized_vol_ratio_15_60,mid,1.0,False
2021-07-07,is,True,realized_vol_ratio_15_60,mid,1.0,False
2021-07-08,is,True,realized_vol_ratio_15_60,mid,1.0,False
2021-07-09,is,True,realized_vol_ratio_15_60,low,0.5,False
2021-07-12,is,True,realized_vol_ratio_15_60,high,0.75,False
2021-07-13,is,True,realized_vol_ratio_15_60,high,0.75,False
2021-07-14,is,True,realized_vol_ratio_15_60,high,0.75,False
2021-07-15,is,True,realized_vol_ratio_15_60,mid,1.0,False
2021-07-16,is,True,realized_vol_ratio_15_60,mid,1.0,False
2021-07-19,is,True,realized_vol_ratio_15_60,high,0.75,False
2021-07-20,is,True,realized_vol_ratio_15_60,low,0.5,False
2021-07-22,is,True,realized_vol_ratio_15_60,mid,1.0,False
2021-07-26,is,True,realized_vol_ratio_15_60,low,0.5,False
2021-07-27,is,True,realized_vol_ratio_15_60,high,0.75,False
2021-07-28,is,True,realized_vol_ratio_15_60,low,0.5,False
2021-07-30,is,True,realized_vol_ratio_15_60,low,0.5,False
2021-08-03,is,True,realized_vol_ratio_15_60,high,0.75,False
2021-08-04,is,True,realized_vol_ratio_15_60,low,0.5,False
2021-08-06,is,True,realized_vol_ratio_15_60,mid,1.0,False
2021-08-11,is,True,realized_vol_ratio_15_60,high,0.75,False
2021-08-12,is,True,realized_vol_ratio_15_60,low,0.5,False
2021-08-16,is,True,realized_vol_ratio_15_60,high,0.75,False
2021-08-17,is,True,realized_vol_ratio_15_60,low,0.5,False
2021-08-19,is,True,realized_vol_ratio_15_60,high,0.75,False
2021-08-20,is,True,realized_vol_ratio_15_60,mid,1.0,False
2021-08-23,is,True,realized_vol_ratio_15_60,high,0.75,False
2021-08-24,is,True,realized_vol_ratio_15_60,mid,1.0,False
2021-08-27,is,True,realized_vol_ratio_15_60,high,0.75,False
2021-09-03,is,True,realized_vol_ratio_15_60,low,0.5,False
2021-09-07,is,True,realized_vol_ratio_15_60,mid,1.0,False
2021-09-13,is,True,realized_vol_ratio_15_60,high,0.75,False
2021-09-14,is,True,realized_vol_ratio_15_60,low,0.5,False
2021-09-15,is,True,realized_vol_ratio_15_60,mid,1.0,False
2021-09-16,is,True,realized_vol_ratio_15_60,low,0.5,False
2021-09-20,is,True,realized_vol_ratio_15_60,low,0.5,False
2021-09-21,is,True,realized_vol_ratio_15_60,high,0.75,False
2021-09-22,is,True,realized_vol_ratio_15_60,low,0.5,False
2021-09-23,is,True,realized_vol_ratio_15_60,mid,1.0,False
2021-09-24,is,True,realized_vol_ratio_15_60,mid,1.0,False
2021-09-27,is,True,realized_vol_ratio_15_60,high,0.75,False
2021-09-28,is,True,realized_vol_ratio_15_60,high,0.75,False
2021-09-29,is,True,realized_vol_ratio_15_60,low,0.5,False
2021-09-30,is,True,realized_vol_ratio_15_60,high,0.75,False
2021-10-01,is,True,realized_vol_ratio_15_60,high,0.75,False
2021-10-04,is,True,realized_vol_ratio_15_60,high,0.75,False
2021-10-05,is,True,realized_vol_ratio_15_60,low,0.5,False
2021-10-06,is,True,realized_vol_ratio_15_60,low,0.5,False
2021-10-07,is,True,realized_vol_ratio_15_60,mid,1.0,False
2021-10-08,is,True,realized_vol_ratio_15_60,low,0.5,False
2021-10-11,is,True,realized_vol_ratio_15_60,low,0.5,False
2021-10-12,is,True,realized_vol_ratio_15_60,low,0.5,False
2021-10-13,is,True,realized_vol_ratio_15_60,low,0.5,False
2021-10-14,is,True,realized_vol_ratio_15_60,mid,1.0,False
2021-10-18,is,True,realized_vol_ratio_15_60,low,0.5,False
2021-10-20,is,True,realized_vol_ratio_15_60,high,0.75,False
2021-10-22,is,True,realized_vol_ratio_15_60,low,0.5,False
2021-10-26,is,True,realized_vol_ratio_15_60,low,0.5,False
2021-10-27,is,True,realized_vol_ratio_15_60,low,0.5,False
2021-10-28,is,True,realized_vol_ratio_15_60,high,0.75,False
2021-10-29,is,True,realized_vol_ratio_15_60,mid,1.0,False
2021-11-01,is,True,realized_vol_ratio_15_60,high,0.75,False
2021-11-03,is,True,realized_vol_ratio_15_60,mid,1.0,False
2021-11-04,is,True,realized_vol_ratio_15_60,high,0.75,False
2021-11-08,is,True,realized_vol_ratio_15_60,mid,1.0,False
2021-11-09,is,True,realized_vol_ratio_15_60,low,0.5,False
2021-11-10,is,True,realized_vol_ratio_15_60,mid,1.0,False
2021-11-11,is,True,realized_vol_ratio_15_60,high,0.75,False
2021-11-12,is,True,realized_vol_ratio_15_60,low,0.5,False
2021-11-15,is,True,realized_vol_ratio_15_60,low,0.5,False
2021-11-16,is,True,realized_vol_ratio_15_60,low,0.5,False
2021-11-17,is,True,realized_vol_ratio_15_60,low,0.5,False
2021-11-18,is,True,realized_vol_ratio_15_60,high,0.75,False
2021-11-22,is,True,realized_vol_ratio_15_60,high,0.75,False
2021-11-23,is,True,realized_vol_ratio_15_60,high,0.75,False
2021-11-24,is,True,realized_vol_ratio_15_60,mid,1.0,False
2021-11-29,is,True,realized_vol_ratio_15_60,mid,1.0,False
2021-11-30,is,True,realized_vol_ratio_15_60,mid,1.0,False
2021-12-01,is,True,realized_vol_ratio_15_60,high,0.75,False
2021-12-07,is,True,realized_vol_ratio_15_60,low,0.5,False
2021-12-09,is,True,realized_vol_ratio_15_60,high,0.75,False
2021-12-10,is,True,realized_vol_ratio_15_60,low,0.5,False
2021-12-13,is,True,realized_vol_ratio_15_60,mid,1.0,False
2021-12-14,is,True,realized_vol_ratio_15_60,low,0.5,False
2021-12-15,is,True,realized_vol_ratio_15_60,low,0.5,False
2021-12-16,is,True,realized_vol_ratio_15_60,high,0.75,False
2021-12-20,is,True,realized_vol_ratio_15_60,low,0.5,False
2021-12-21,is,True,realized_vol_ratio_15_60,high,0.75,False
2021-12-22,is,True,realized_vol_ratio_15_60,mid,1.0,False
2021-12-23,is,True,realized_vol_ratio_15_60,high,0.75,False
2021-12-27,is,True,realized_vol_ratio_15_60,mid,1.0,False
2021-12-28,is,True,realized_vol_ratio_15_60,low,0.5,False
2021-12-29,is,True,realized_vol_ratio_15_60,mid,1.0,False
2021-12-30,is,True,realized_vol_ratio_15_60,low,0.5,False
2021-12-31,is,True,realized_vol_ratio_15_60,high,0.75,False
2022-01-04,is,True,realized_vol_ratio_15_60,mid,1.0,False
2022-01-07,is,True,realized_vol_ratio_15_60,mid,1.0,False
2022-01-12,is,True,realized_vol_ratio_15_60,low,0.5,False
2022-01-13,is,True,realized_vol_ratio_15_60,mid,1.0,False
2022-01-14,is,True,realized_vol_ratio_15_60,low,0.5,False
2022-01-19,is,True,realized_vol_ratio_15_60,low,0.5,False
2022-01-20,is,True,realized_vol_ratio_15_60,mid,1.0,False
2022-01-31,is,True,realized_vol_ratio_15_60,mid,1.0,False
2022-02-02,is,True,realized_vol_ratio_15_60,mid,1.0,False
2022-02-07,is,True,realized_vol_ratio_15_60,mid,1.0,False
2022-02-09,is,True,realized_vol_ratio_15_60,mid,1.0,False
2022-02-10,is,True,realized_vol_ratio_15_60,high,0.75,False
2022-02-14,is,True,realized_vol_ratio_15_60,mid,1.0,False
2022-02-15,is,True,realized_vol_ratio_15_60,low,0.5,False
2022-02-17,is,True,realized_vol_ratio_15_60,low,0.5,False
2022-02-18,is,True,realized_vol_ratio_15_60,mid,1.0,False
2022-02-21,is,True,realized_vol_ratio_15_60,high,0.75,False
2022-02-22,is,True,realized_vol_ratio_15_60,low,0.5,False
2022-02-28,is,True,realized_vol_ratio_15_60,low,0.5,False
2022-03-02,is,True,realized_vol_ratio_15_60,high,0.75,False
2022-03-03,is,True,realized_vol_ratio_15_60,mid,1.0,False
2022-03-04,is,True,realized_vol_ratio_15_60,high,0.75,False
2022-03-10,is,True,realized_vol_ratio_15_60,mid,1.0,False
2022-03-11,is,True,realized_vol_ratio_15_60,high,0.75,False
2022-03-15,is,True,realized_vol_ratio_15_60,mid,1.0,False
2022-03-16,is,True,realized_vol_ratio_15_60,mid,1.0,False
2022-03-17,is,True,realized_vol_ratio_15_60,mid,1.0,False
2022-03-21,is,True,realized_vol_ratio_15_60,high,0.75,False
2022-03-22,is,True,realized_vol_ratio_15_60,high,0.75,False
2022-03-23,is,True,realized_vol_ratio_15_60,high,0.75,False
2022-03-24,is,True,realized_vol_ratio_15_60,mid,1.0,False
2022-03-25,is,True,realized_vol_ratio_15_60,mid,1.0,False
2022-03-28,is,True,realized_vol_ratio_15_60,mid,1.0,False
2022-03-29,is,True,realized_vol_ratio_15_60,high,0.75,False
2022-03-30,is,True,realized_vol_ratio_15_60,high,0.75,False
2022-03-31,is,True,realized_vol_ratio_15_60,high,0.75,False
2022-04-01,is,True,realized_vol_ratio_15_60,mid,1.0,False
2022-04-04,is,True,realized_vol_ratio_15_60,mid,1.0,False
2022-04-05,is,True,realized_vol_ratio_15_60,high,0.75,False
2022-04-06,is,True,realized_vol_ratio_15_60,high,0.75,False
2022-04-08,is,True,realized_vol_ratio_15_60,high,0.75,False
2022-04-11,is,True,realized_vol_ratio_15_60,low,0.5,False
2022-04-12,is,True,realized_vol_ratio_15_60,low,0.5,False
2022-04-13,is,True,realized_vol_ratio_15_60,high,0.75,False
2022-04-14,is,True,realized_vol_ratio_15_60,high,0.75,False
2022-04-18,is,True,realized_vol_ratio_15_60,high,0.75,False
2022-04-20,is,True,realized_vol_ratio_15_60,high,0.75,False
2022-04-21,is,True,realized_vol_ratio_15_60,low,0.5,False
2022-04-26,is,True,realized_vol_ratio_15_60,high,0.75,False
2022-05-04,is,True,realized_vol_ratio_15_60,high,0.75,False
2022-05-05,is,True,realized_vol_ratio_15_60,low,0.5,False
2022-05-11,is,True,realized_vol_ratio_15_60,low,0.5,False
2022-05-17,is,True,realized_vol_ratio_15_60,mid,1.0,False
2022-05-18,is,True,realized_vol_ratio_15_60,low,0.5,False
2022-05-24,is,True,realized_vol_ratio_15_60,high,0.75,False
2022-05-25,is,True,realized_vol_ratio_15_60,low,0.5,False
2022-05-26,is,True,realized_vol_ratio_15_60,mid,1.0,False
2022-05-27,is,True,realized_vol_ratio_15_60,mid,1.0,False
2022-06-03,is,True,realized_vol_ratio_15_60,low,0.5,False
2022-06-06,is,True,realized_vol_ratio_15_60,high,0.75,False
2022-06-07,is,True,realized_vol_ratio_15_60,mid,1.0,False
2022-06-08,is,True,realized_vol_ratio_15_60,high,0.75,False
2022-06-09,is,True,realized_vol_ratio_15_60,low,0.5,False
2022-06-14,is,True,realized_vol_ratio_15_60,low,0.5,False
2022-06-15,is,True,realized_vol_ratio_15_60,mid,1.0,False
2022-06-21,is,True,realized_vol_ratio_15_60,low,0.5,False
2022-06-22,is,True,realized_vol_ratio_15_60,mid,1.0,False
2022-06-23,is,True,realized_vol_ratio_15_60,mid,1.0,False
2022-06-24,is,True,realized_vol_ratio_15_60,high,0.75,False
2022-06-27,is,True,realized_vol_ratio_15_60,mid,1.0,False
2022-06-28,is,True,realized_vol_ratio_15_60,mid,1.0,False
2022-06-30,is,True,realized_vol_ratio_15_60,mid,1.0,False
2022-07-01,is,True,realized_vol_ratio_15_60,low,0.5,False
2022-07-05,is,True,realized_vol_ratio_15_60,mid,1.0,False
2022-07-06,is,True,realized_vol_ratio_15_60,high,0.75,False
2022-07-07,is,True,realized_vol_ratio_15_60,low,0.5,False
2022-07-08,is,True,realized_vol_ratio_15_60,low,0.5,False
2022-07-12,is,True,realized_vol_ratio_15_60,high,0.75,False
2022-07-14,is,True,realized_vol_ratio_15_60,low,0.5,False
2022-07-15,is,True,realized_vol_ratio_15_60,low,0.5,False
2022-07-19,is,True,realized_vol_ratio_15_60,mid,1.0,False
2022-07-20,is,True,realized_vol_ratio_15_60,low,0.5,False
2022-07-22,is,True,realized_vol_ratio_15_60,high,0.75,False
2022-07-25,is,True,realized_vol_ratio_15_60,high,0.75,False
2022-07-26,is,True,realized_vol_ratio_15_60,low,0.5,False
2022-07-27,is,True,realized_vol_ratio_15_60,mid,1.0,False
2022-07-28,is,True,realized_vol_ratio_15_60,low,0.5,False
2022-07-29,is,True,realized_vol_ratio_15_60,low,0.5,False
2022-08-01,is,True,realized_vol_ratio_15_60,high,0.75,False
2022-08-02,is,True,realized_vol_ratio_15_60,mid,1.0,False
2022-08-03,is,True,realized_vol_ratio_15_60,high,0.75,False
2022-08-04,is,True,realized_vol_ratio_15_60,low,0.5,False
2022-08-05,is,True,realized_vol_ratio_15_60,mid,1.0,False
2022-08-08,is,True,realized_vol_ratio_15_60,mid,1.0,False
2022-08-09,is,True,realized_vol_ratio_15_60,high,0.75,False
2022-08-10,is,True,realized_vol_ratio_15_60,low,0.5,False
2022-08-11,is,True,realized_vol_ratio_15_60,high,0.75,False
2022-08-12,is,True,realized_vol_ratio_15_60,high,0.75,False
2022-08-16,is,True,realized_vol_ratio_15_60,high,0.75,False
2022-08-17,is,True,realized_vol_ratio_15_60,low,0.5,False
2022-08-18,is,True,realized_vol_ratio_15_60,high,0.75,False
2022-08-19,is,True,realized_vol_ratio_15_60,mid,1.0,False
2022-08-22,is,True,realized_vol_ratio_15_60,low,0.5,False
2022-08-23,is,True,realized_vol_ratio_15_60,mid,1.0,False
2022-08-24,is,True,realized_vol_ratio_15_60,high,0.75,False
2022-08-25,is,True,realized_vol_ratio_15_60,high,0.75,False
2022-08-26,is,True,realized_vol_ratio_15_60,high,0.75,False
2022-08-29,is,True,realized_vol_ratio_15_60,low,0.5,False
2022-08-30,is,True,realized_vol_ratio_15_60,high,0.75,False
2022-08-31,is,True,realized_vol_ratio_15_60,mid,1.0,False
2022-09-01,is,True,realized_vol_ratio_15_60,high,0.75,False
2022-09-02,is,True,realized_vol_ratio_15_60,high,0.75,False
2022-09-06,is,True,realized_vol_ratio_15_60,high,0.75,False
2022-09-07,is,True,realized_vol_ratio_15_60,mid,1.0,False
2022-09-08,is,True,realized_vol_ratio_15_60,low,0.5,False
2022-09-09,is,True,realized_vol_ratio_15_60,high,0.75,False
2022-09-12,is,True,realized_vol_ratio_15_60,mid,1.0,False
2022-09-13,is,True,realized_vol_ratio_15_60,low,0.5,False
2022-09-14,is,True,realized_vol_ratio_15_60,low,0.5,False
2022-09-15,is,True,realized_vol_ratio_15_60,high,0.75,False
2022-09-19,is,True,realized_vol_ratio_15_60,mid,1.0,False
2022-09-20,is,True,realized_vol_ratio_15_60,low,0.5,False
2022-09-22,is,True,realized_vol_ratio_15_60,low,0.5,False
2022-09-23,is,True,realized_vol_ratio_15_60,low,0.5,False
2022-09-26,is,True,realized_vol_ratio_15_60,mid,1.0,False
2022-09-27,is,True,realized_vol_ratio_15_60,high,0.75,False
2022-09-29,is,True,realized_vol_ratio_15_60,mid,1.0,False
2022-09-30,is,True,realized_vol_ratio_15_60,low,0.5,False
2022-10-03,is,True,realized_vol_ratio_15_60,high,0.75,False
2022-10-04,is,True,realized_vol_ratio_15_60,high,0.75,False
2022-10-05,is,True,realized_vol_ratio_15_60,high,0.75,False
2022-10-06,is,True,realized_vol_ratio_15_60,high,0.75,False
2022-10-07,is,True,realized_vol_ratio_15_60,low,0.5,False
2022-10-10,is,True,realized_vol_ratio_15_60,mid,1.0,False
2022-10-11,is,True,realized_vol_ratio_15_60,mid,1.0,False
2022-10-13,is,True,realized_vol_ratio_15_60,mid,1.0,False
2022-10-17,is,True,realized_vol_ratio_15_60,mid,1.0,False
2022-10-18,is,True,realized_vol_ratio_15_60,low,0.5,False
2022-10-19,is,True,realized_vol_ratio_15_60,low,0.5,False
2022-10-20,is,True,realized_vol_ratio_15_60,mid,1.0,False
2022-10-25,is,True,realized_vol_ratio_15_60,low,0.5,False
2022-10-26,is,True,realized_vol_ratio_15_60,high,0.75,False
2022-10-27,is,True,realized_vol_ratio_15_60,mid,1.0,False
2022-10-28,is,True,realized_vol_ratio_15_60,mid,1.0,False
2022-10-31,is,True,realized_vol_ratio_15_60,mid,1.0,False
2022-11-01,is,True,realized_vol_ratio_15_60,high,0.75,False
2022-11-02,is,True,realized_vol_ratio_15_60,high,0.75,False
2022-11-03,is,True,realized_vol_ratio_15_60,low,0.5,False
2022-11-04,is,True,realized_vol_ratio_15_60,low,0.5,False
2022-11-08,is,True,realized_vol_ratio_15_60,mid,1.0,False
2022-11-09,is,True,realized_vol_ratio_15_60,low,0.5,False
2022-11-10,is,True,realized_vol_ratio_15_60,low,0.5,False
2022-11-14,is,True,realized_vol_ratio_15_60,high,0.75,False
2022-11-15,is,True,realized_vol_ratio_15_60,high,0.75,False
2022-11-16,is,True,realized_vol_ratio_15_60,low,0.5,False
2022-11-17,is,True,realized_vol_ratio_15_60,mid,1.0,False
2022-11-18,is,True,realized_vol_ratio_15_60,mid,1.0,False
2022-11-21,is,True,realized_vol_ratio_15_60,low,0.5,False
2022-11-22,is,True,realized_vol_ratio_15_60,mid,1.0,False
2022-11-23,is,True,realized_vol_ratio_15_60,high,0.75,False
2022-11-28,is,True,realized_vol_ratio_15_60,low,0.5,False
2022-11-29,is,True,realized_vol_ratio_15_60,low,0.5,False
2022-11-30,is,True,realized_vol_ratio_15_60,low,0.5,False
2022-12-01,is,True,realized_vol_ratio_15_60,high,0.75,False
2022-12-02,is,True,realized_vol_ratio_15_60,mid,1.0,False
2022-12-05,is,True,realized_vol_ratio_15_60,high,0.75,False
2022-12-06,is,True,realized_vol_ratio_15_60,high,0.75,False
2022-12-07,is,True,realized_vol_ratio_15_60,high,0.75,False
2022-12-08,is,True,realized_vol_ratio_15_60,low,0.5,False
2022-12-09,is,True,realized_vol_ratio_15_60,low,0.5,False
2022-12-12,is,True,realized_vol_ratio_15_60,high,0.75,False
2022-12-13,is,True,realized_vol_ratio_15_60,mid,1.0,False
2022-12-14,is,True,realized_vol_ratio_15_60,low,0.5,False
2022-12-15,is,True,realized_vol_ratio_15_60,mid,1.0,False
2022-12-19,is,True,realized_vol_ratio_15_60,mid,1.0,False
2022-12-20,is,True,realized_vol_ratio_15_60,mid,1.0,False
2022-12-21,is,True,realized_vol_ratio_15_60,high,0.75,False
2022-12-22,is,True,realized_vol_ratio_15_60,high,0.75,False
2022-12-23,is,True,realized_vol_ratio_15_60,low,0.5,False
2022-12-27,is,True,realized_vol_ratio_15_60,mid,1.0,False
2022-12-28,is,True,realized_vol_ratio_15_60,low,0.5,False
2022-12-29,is,True,realized_vol_ratio_15_60,mid,1.0,False
2022-12-30,is,True,realized_vol_ratio_15_60,low,0.5,False
2023-01-03,is,True,realized_vol_ratio_15_60,mid,1.0,False
2023-01-04,is,True,realized_vol_ratio_15_60,mid,1.0,False
2023-01-06,is,True,realized_vol_ratio_15_60,low,0.5,False
2023-01-09,is,True,realized_vol_ratio_15_60,low,0.5,False
2023-01-10,is,True,realized_vol_ratio_15_60,low,0.5,False
2023-01-11,is,True,realized_vol_ratio_15_60,low,0.5,False
2023-01-12,is,True,realized_vol_ratio_15_60,low,0.5,False
2023-01-13,is,True,realized_vol_ratio_15_60,mid,1.0,False
2023-01-17,is,True,realized_vol_ratio_15_60,mid,1.0,False
2023-01-18,is,True,realized_vol_ratio_15_60,mid,1.0,False
2023-01-19,is,True,realized_vol_ratio_15_60,mid,1.0,False
2023-01-20,is,True,realized_vol_ratio_15_60,high,0.75,False
2023-01-23,is,True,realized_vol_ratio_15_60,mid,1.0,False
2023-01-24,is,True,realized_vol_ratio_15_60,high,0.75,False
2023-01-25,is,True,realized_vol_ratio_15_60,low,0.5,False
2023-01-26,is,True,realized_vol_ratio_15_60,mid,1.0,False
2023-01-27,is,True,realized_vol_ratio_15_60,high,0.75,False
2023-01-30,is,True,realized_vol_ratio_15_60,high,0.75,False
2023-01-31,is,True,realized_vol_ratio_15_60,low,0.5,False
2023-02-01,is,True,realized_vol_ratio_15_60,low,0.5,False
2023-02-02,is,True,realized_vol_ratio_15_60,mid,1.0,False
2023-02-06,is,True,realized_vol_ratio_15_60,high,0.75,False
2023-02-07,is,True,realized_vol_ratio_15_60,high,0.75,False
2023-02-08,is,True,realized_vol_ratio_15_60,mid,1.0,False
2023-02-09,is,True,realized_vol_ratio_15_60,mid,1.0,False
2023-02-10,is,True,realized_vol_ratio_15_60,high,0.75,False
2023-02-13,is,True,realized_vol_ratio_15_60,mid,1.0,False
2023-02-15,is,True,realized_vol_ratio_15_60,mid,1.0,False
2023-02-16,is,True,realized_vol_ratio_15_60,low,0.5,False
2023-02-17,is,True,realized_vol_ratio_15_60,low,0.5,False
2023-02-21,is,True,realized_vol_ratio_15_60,high,0.75,False
2023-02-22,is,True,realized_vol_ratio_15_60,mid,1.0,False
2023-02-23,is,True,realized_vol_ratio_15_60,high,0.75,False
2023-02-24,is,True,realized_vol_ratio_15_60,mid,1.0,False
2023-02-27,is,True,realized_vol_ratio_15_60,mid,1.0,False
2023-02-28,is,True,realized_vol_ratio_15_60,high,0.75,False
2023-03-01,is,True,realized_vol_ratio_15_60,mid,1.0,False
2023-03-02,is,True,realized_vol_ratio_15_60,high,0.75,False
2023-03-03,is,True,realized_vol_ratio_15_60,high,0.75,False
2023-03-06,is,True,realized_vol_ratio_15_60,mid,1.0,False
2023-03-07,is,True,realized_vol_ratio_15_60,high,0.75,False
2023-03-08,is,True,realized_vol_ratio_15_60,high,0.75,False
2023-03-09,is,True,realized_vol_ratio_15_60,low,0.5,False
2023-03-10,is,True,realized_vol_ratio_15_60,low,0.5,False
2023-03-14,is,True,realized_vol_ratio_15_60,mid,1.0,False
2023-03-15,is,True,realized_vol_ratio_15_60,mid,1.0,False
2023-03-16,is,True,realized_vol_ratio_15_60,low,0.5,False
2023-03-20,is,True,realized_vol_ratio_15_60,mid,1.0,False
2023-03-21,is,True,realized_vol_ratio_15_60,high,0.75,False
2023-03-23,is,True,realized_vol_ratio_15_60,high,0.75,False
2023-03-24,is,True,realized_vol_ratio_15_60,mid,1.0,False
2023-03-27,is,True,realized_vol_ratio_15_60,low,0.5,False
2023-03-28,is,True,realized_vol_ratio_15_60,low,0.5,False
2023-03-29,is,True,realized_vol_ratio_15_60,high,0.75,False
2023-03-30,is,True,realized_vol_ratio_15_60,mid,1.0,False
2023-04-03,is,True,realized_vol_ratio_15_60,mid,1.0,False
2023-04-04,is,True,realized_vol_ratio_15_60,high,0.75,False
2023-04-05,is,True,realized_vol_ratio_15_60,high,0.75,False
2023-04-06,is,True,realized_vol_ratio_15_60,mid,1.0,False
2023-04-11,is,True,realized_vol_ratio_15_60,low,0.5,False
2023-04-12,is,True,realized_vol_ratio_15_60,mid,1.0,False
2023-04-13,is,True,realized_vol_ratio_15_60,high,0.75,False
2023-04-14,is,True,realized_vol_ratio_15_60,mid,1.0,False
2023-04-17,is,True,realized_vol_ratio_15_60,mid,1.0,False
2023-04-18,is,True,realized_vol_ratio_15_60,high,0.75,False
2023-04-20,is,True,realized_vol_ratio_15_60,mid,1.0,False
2023-04-21,is,True,realized_vol_ratio_15_60,high,0.75,False
2023-04-24,is,True,realized_vol_ratio_15_60,mid,1.0,False
2023-04-25,is,True,realized_vol_ratio_15_60,high,0.75,False
2023-04-26,is,True,realized_vol_ratio_15_60,mid,1.0,False
2023-04-27,is,True,realized_vol_ratio_15_60,mid,1.0,False
2023-04-28,is,True,realized_vol_ratio_15_60,low,0.5,False
2023-05-01,is,True,realized_vol_ratio_15_60,mid,1.0,False
2023-05-02,is,True,realized_vol_ratio_15_60,mid,1.0,False
2023-05-04,is,True,realized_vol_ratio_15_60,mid,1.0,False
2023-05-05,is,True,realized_vol_ratio_15_60,mid,1.0,False
2023-05-10,is,True,realized_vol_ratio_15_60,low,0.5,False
2023-05-11,is,True,realized_vol_ratio_15_60,low,0.5,False
2023-05-12,is,True,realized_vol_ratio_15_60,high,0.75,False
2023-05-15,is,True,realized_vol_ratio_15_60,mid,1.0,False
2023-05-18,is,True,realized_vol_ratio_15_60,high,0.75,False
2023-05-19,is,True,realized_vol_ratio_15_60,mid,1.0,False
2023-05-24,is,True,realized_vol_ratio_15_60,high,0.75,False
2023-05-26,is,True,realized_vol_ratio_15_60,high,0.75,False
2023-05-30,is,True,realized_vol_ratio_15_60,high,0.75,False
2023-05-31,is,True,realized_vol_ratio_15_60,mid,1.0,False
2023-06-01,is,True,realized_vol_ratio_15_60,mid,1.0,False
2023-06-05,is,True,realized_vol_ratio_15_60,mid,1.0,False
2023-06-06,is,True,realized_vol_ratio_15_60,low,0.5,False
2023-06-07,is,True,realized_vol_ratio_15_60,mid,1.0,False
2023-06-08,is,True,realized_vol_ratio_15_60,mid,1.0,False
2023-06-09,is,True,realized_vol_ratio_15_60,high,0.75,False
2023-06-12,is,True,realized_vol_ratio_15_60,high,0.75,False
2023-06-13,is,True,realized_vol_ratio_15_60,mid,1.0,False
2023-06-14,is,True,realized_vol_ratio_15_60,low,0.5,False
2023-06-15,is,True,realized_vol_ratio_15_60,high,0.75,False
2023-06-20,is,True,realized_vol_ratio_15_60,mid,1.0,False
2023-06-21,is,True,realized_vol_ratio_15_60,mid,1.0,False
2023-06-22,is,True,realized_vol_ratio_15_60,high,0.75,False
2023-06-23,is,True,realized_vol_ratio_15_60,mid,1.0,False
2023-06-26,is,True,realized_vol_ratio_15_60,low,0.5,False
2023-06-27,is,True,realized_vol_ratio_15_60,mid,1.0,False
2023-06-28,is,True,realized_vol_ratio_15_60,mid,1.0,False
2023-06-29,is,True,realized_vol_ratio_15_60,high,0.75,False
2023-06-30,is,True,realized_vol_ratio_15_60,mid,1.0,False
2023-07-03,is,True,realized_vol_ratio_15_60,high,0.75,False
2023-07-05,is,True,realized_vol_ratio_15_60,mid,1.0,False
2023-07-06,is,True,realized_vol_ratio_15_60,mid,1.0,False
2023-07-07,is,True,realized_vol_ratio_15_60,low,0.5,False
2023-07-10,is,True,realized_vol_ratio_15_60,mid,1.0,False
2023-07-11,is,True,realized_vol_ratio_15_60,high,0.75,False
2023-07-12,is,True,realized_vol_ratio_15_60,low,0.5,False
2023-07-14,is,True,realized_vol_ratio_15_60,high,0.75,False
2023-07-19,is,True,realized_vol_ratio_15_60,mid,1.0,False
2023-07-20,is,True,realized_vol_ratio_15_60,mid,1.0,False
2023-07-21,is,True,realized_vol_ratio_15_60,mid,1.0,False
2023-07-26,is,True,realized_vol_ratio_15_60,low,0.5,False
2023-07-27,is,True,realized_vol_ratio_15_60,mid,1.0,False
2023-07-28,is,True,realized_vol_ratio_15_60,mid,1.0,False
2023-08-01,is,True,realized_vol_ratio_15_60,high,0.75,False
2023-08-02,is,True,realized_vol_ratio_15_60,high,0.75,False
2023-08-03,is,True,realized_vol_ratio_15_60,high,0.75,False
2023-08-04,is,True,realized_vol_ratio_15_60,high,0.75,False
2023-08-07,is,True,realized_vol_ratio_15_60,high,0.75,False
2023-08-08,is,True,realized_vol_ratio_15_60,high,0.75,False
2023-08-09,is,True,realized_vol_ratio_15_60,high,0.75,False
2023-08-10,is,True,realized_vol_ratio_15_60,low,0.5,False
2023-08-11,is,True,realized_vol_ratio_15_60,mid,1.0,False
2023-08-14,is,True,realized_vol_ratio_15_60,mid,1.0,False
2023-08-15,is,True,realized_vol_ratio_15_60,mid,1.0,False
2023-08-16,is,True,realized_vol_ratio_15_60,mid,1.0,False
2023-08-17,is,True,realized_vol_ratio_15_60,mid,1.0,False
2023-08-18,is,True,realized_vol_ratio_15_60,mid,1.0,False
2023-08-21,is,True,realized_vol_ratio_15_60,mid,1.0,False
2023-08-22,is,True,realized_vol_ratio_15_60,mid,1.0,False
2023-08-23,is,True,realized_vol_ratio_15_60,high,0.75,False
2023-08-24,is,True,realized_vol_ratio_15_60,high,0.75,False
2023-08-25,is,True,realized_vol_ratio_15_60,high,0.75,False
2023-08-28,is,True,realized_vol_ratio_15_60,high,0.75,False
2023-08-29,is,True,realized_vol_ratio_15_60,high,0.75,False
2023-08-30,is,True,realized_vol_ratio_15_60,mid,1.0,False
2023-08-31,is,True,realized_vol_ratio_15_60,mid,1.0,False
2023-09-01,is,True,realized_vol_ratio_15_60,low,0.5,False
2023-09-05,is,True,realized_vol_ratio_15_60,low,0.5,False
2023-09-06,is,True,realized_vol_ratio_15_60,high,0.75,False
2023-09-07,is,True,realized_vol_ratio_15_60,low,0.5,False
2023-09-08,is,True,realized_vol_ratio_15_60,high,0.75,False
2023-09-11,is,True,realized_vol_ratio_15_60,high,0.75,False
2023-09-12,is,True,realized_vol_ratio_15_60,low,0.5,False
2023-09-13,is,True,realized_vol_ratio_15_60,high,0.75,False
2023-09-14,is,True,realized_vol_ratio_15_60,low,0.5,False
2023-09-18,is,True,realized_vol_ratio_15_60,high,0.75,False
2023-09-19,is,True,realized_vol_ratio_15_60,high,0.75,False
2023-09-20,is,True,realized_vol_ratio_15_60,mid,1.0,False
2023-09-21,is,True,realized_vol_ratio_15_60,low,0.5,False
2023-09-22,is,True,realized_vol_ratio_15_60,high,0.75,False
2023-09-25,is,True,realized_vol_ratio_15_60,mid,1.0,False
2023-09-26,is,True,realized_vol_ratio_15_60,mid,1.0,False
2023-09-27,is,True,realized_vol_ratio_15_60,mid,1.0,False
2023-09-28,is,True,realized_vol_ratio_15_60,mid,1.0,False
2023-09-29,is,True,realized_vol_ratio_15_60,high,0.75,False
2023-10-02,is,True,realized_vol_ratio_15_60,high,0.75,False
2023-10-03,is,True,realized_vol_ratio_15_60,high,0.75,False
2023-10-04,is,True,realized_vol_ratio_15_60,mid,1.0,False
2023-10-05,is,True,realized_vol_ratio_15_60,high,0.75,False
2023-10-06,is,True,realized_vol_ratio_15_60,low,0.5,False
2023-10-10,is,True,realized_vol_ratio_15_60,mid,1.0,False
2023-10-11,is,True,realized_vol_ratio_15_60,high,0.75,False
2023-10-12,is,True,realized_vol_ratio_15_60,high,0.75,False
2023-10-13,is,True,realized_vol_ratio_15_60,high,0.75,False
2023-10-16,is,True,realized_vol_ratio_15_60,mid,1.0,False
2023-10-17,is,True,realized_vol_ratio_15_60,low,0.5,False
2023-10-18,is,True,realized_vol_ratio_15_60,mid,1.0,False
2023-10-19,is,True,realized_vol_ratio_15_60,mid,1.0,False
2023-10-20,is,True,realized_vol_ratio_15_60,mid,1.0,False
2023-10-23,is,True,realized_vol_ratio_15_60,low,0.5,False
2023-10-24,is,True,realized_vol_ratio_15_60,low,0.5,False
2023-10-25,is,True,realized_vol_ratio_15_60,low,0.5,False
2023-10-26,is,True,realized_vol_ratio_15_60,high,0.75,False
2023-10-27,is,True,realized_vol_ratio_15_60,low,0.5,False
2023-10-30,is,True,realized_vol_ratio_15_60,low,0.5,False
2023-10-31,is,True,realized_vol_ratio_15_60,low,0.5,False
2023-11-01,is,True,realized_vol_ratio_15_60,mid,1.0,False
2023-11-02,is,True,realized_vol_ratio_15_60,mid,1.0,False
2023-11-06,is,True,realized_vol_ratio_15_60,mid,1.0,False
2023-11-07,is,True,realized_vol_ratio_15_60,mid,1.0,False
2023-11-08,is,True,realized_vol_ratio_15_60,high,0.75,False
2023-11-09,is,True,realized_vol_ratio_15_60,high,0.75,False
2023-11-10,is,True,realized_vol_ratio_15_60,low,0.5,False
2023-11-13,is,True,realized_vol_ratio_15_60,low,0.5,False
2023-11-14,is,True,realized_vol_ratio_15_60,high,0.75,False
2023-11-15,is,True,realized_vol_ratio_15_60,high,0.75,False
2023-11-16,is,True,realized_vol_ratio_15_60,low,0.5,False
2023-11-17,is,True,realized_vol_ratio_15_60,mid,1.0,False
2023-11-20,is,True,realized_vol_ratio_15_60,low,0.5,False
2023-11-21,is,True,realized_vol_ratio_15_60,low,0.5,False
2023-11-22,is,True,realized_vol_ratio_15_60,high,0.75,False
2023-11-27,is,True,realized_vol_ratio_15_60,low,0.5,False
2023-11-29,is,True,realized_vol_ratio_15_60,high,0.75,False
2023-11-30,is,True,realized_vol_ratio_15_60,mid,1.0,False
2023-12-01,is,True,realized_vol_ratio_15_60,high,0.75,False
2023-12-04,is,True,realized_vol_ratio_15_60,low,0.5,False
2023-12-05,is,True,realized_vol_ratio_15_60,high,0.75,False
2023-12-06,is,True,realized_vol_ratio_15_60,mid,1.0,False
2023-12-07,is,True,realized_vol_ratio_15_60,low,0.5,False
2023-12-08,is,True,realized_vol_ratio_15_60,high,0.75,False
2023-12-11,is,True,realized_vol_ratio_15_60,low,0.5,False
2023-12-12,is,True,realized_vol_ratio_15_60,mid,1.0,False
2023-12-14,is,True,realized_vol_ratio_15_60,high,0.75,False
2023-12-18,is,True,realized_vol_ratio_15_60,low,0.5,False
2023-12-21,is,True,realized_vol_ratio_15_60,mid,1.0,False
2023-12-22,is,True,realized_vol_ratio_15_60,mid,1.0,False
2024-01-02,is,True,realized_vol_ratio_15_60,low,0.5,False
2024-01-03,is,True,realized_vol_ratio_15_60,high,0.75,False
2024-01-04,is,True,realized_vol_ratio_15_60,high,0.75,False
2024-01-05,is,True,realized_vol_ratio_15_60,high,0.75,False
2024-01-08,is,True,realized_vol_ratio_15_60,high,0.75,False
2024-01-09,is,True,realized_vol_ratio_15_60,low,0.5,False
2024-01-10,is,True,realized_vol_ratio_15_60,high,0.75,False
2024-01-11,is,True,realized_vol_ratio_15_60,high,0.75,False
2024-01-12,is,True,realized_vol_ratio_15_60,high,0.75,False
2024-01-16,is,True,realized_vol_ratio_15_60,mid,1.0,False
2024-01-17,is,True,realized_vol_ratio_15_60,mid,1.0,False
2024-01-18,is,True,realized_vol_ratio_15_60,mid,1.0,False
2024-01-19,is,True,realized_vol_ratio_15_60,high,0.75,False
2024-01-22,is,True,realized_vol_ratio_15_60,low,0.5,False
2024-01-24,is,True,realized_vol_ratio_15_60,mid,1.0,False
2024-01-25,is,True,realized_vol_ratio_15_60,low,0.5,False
2024-01-26,is,True,realized_vol_ratio_15_60,mid,1.0,False
2024-01-29,is,True,realized_vol_ratio_15_60,low,0.5,False
2024-01-30,is,True,realized_vol_ratio_15_60,high,0.75,False
2024-01-31,is,True,realized_vol_ratio_15_60,low,0.5,False
2024-02-01,is,True,realized_vol_ratio_15_60,mid,1.0,False
2024-02-02,is,True,realized_vol_ratio_15_60,high,0.75,False
2024-02-05,is,True,realized_vol_ratio_15_60,high,0.75,False
2024-02-06,is,True,realized_vol_ratio_15_60,high,0.75,False
2024-02-07,is,True,realized_vol_ratio_15_60,high,0.75,False
2024-02-08,is,True,realized_vol_ratio_15_60,mid,1.0,False
2024-02-09,is,True,realized_vol_ratio_15_60,mid,1.0,False
2024-02-13,is,True,realized_vol_ratio_15_60,low,0.5,False
2024-02-14,is,True,realized_vol_ratio_15_60,mid,1.0,False
2024-02-15,is,True,realized_vol_ratio_15_60,high,0.75,False
2024-02-16,is,True,realized_vol_ratio_15_60,high,0.75,False
2024-02-20,is,True,realized_vol_ratio_15_60,mid,1.0,False
2024-02-21,is,True,realized_vol_ratio_15_60,high,0.75,False
2024-02-22,is,True,realized_vol_ratio_15_60,mid,1.0,False
2024-02-23,oos,True,realized_vol_ratio_15_60,high,0.75,False
2024-02-27,oos,True,realized_vol_ratio_15_60,low,0.5,False
2024-02-29,oos,True,realized_vol_ratio_15_60,mid,1.0,False
2024-03-01,oos,True,realized_vol_ratio_15_60,high,0.75,False
2024-03-04,oos,True,realized_vol_ratio_15_60,mid,1.0,False
2024-03-05,oos,True,realized_vol_ratio_15_60,high,0.75,False
2024-03-06,oos,True,realized_vol_ratio_15_60,high,0.75,False
2024-03-07,oos,True,realized_vol_ratio_15_60,low,0.5,False
2024-03-08,oos,True,realized_vol_ratio_15_60,low,0.5,False
2024-03-11,oos,True,realized_vol_ratio_15_60,high,0.75,False
2024-03-12,oos,True,realized_vol_ratio_15_60,mid,1.0,False
2024-03-13,oos,True,realized_vol_ratio_15_60,mid,1.0,False
2024-03-14,oos,True,realized_vol_ratio_15_60,high,0.75,False
2024-03-18,oos,True,realized_vol_ratio_15_60,low,0.5,False
2024-03-19,oos,True,realized_vol_ratio_15_60,high,0.75,False
2024-03-20,oos,True,realized_vol_ratio_15_60,high,0.75,False
2024-03-21,oos,True,realized_vol_ratio_15_60,low,0.5,False
2024-03-22,oos,True,realized_vol_ratio_15_60,low,0.5,False
2024-03-25,oos,True,realized_vol_ratio_15_60,high,0.75,False
2024-03-26,oos,True,realized_vol_ratio_15_60,mid,1.0,False
2024-03-27,oos,True,realized_vol_ratio_15_60,high,0.75,False
2024-04-01,oos,True,realized_vol_ratio_15_60,low,0.5,False
2024-04-02,oos,True,realized_vol_ratio_15_60,high,0.75,False
2024-04-03,oos,True,realized_vol_ratio_15_60,high,0.75,False
2024-04-05,oos,True,realized_vol_ratio_15_60,high,0.75,False
2024-04-08,oos,True,realized_vol_ratio_15_60,low,0.5,False
2024-04-09,oos,True,realized_vol_ratio_15_60,low,0.5,False
2024-04-10,oos,True,realized_vol_ratio_15_60,low,0.5,False
2024-04-11,oos,True,realized_vol_ratio_15_60,mid,1.0,False
2024-04-12,oos,True,realized_vol_ratio_15_60,high,0.75,False
2024-04-15,oos,True,realized_vol_ratio_15_60,mid,1.0,False
2024-04-16,oos,True,realized_vol_ratio_15_60,mid,1.0,False
2024-04-17,oos,True,realized_vol_ratio_15_60,mid,1.0,False
2024-04-18,oos,True,realized_vol_ratio_15_60,low,0.5,False
2024-04-19,oos,True,realized_vol_ratio_15_60,low,0.5,False
2024-04-22,oos,True,realized_vol_ratio_15_60,low,0.5,False
2024-04-23,oos,True,realized_vol_ratio_15_60,low,0.5,False
2024-04-24,oos,True,realized_vol_ratio_15_60,low,0.5,False
2024-04-25,oos,True,realized_vol_ratio_15_60,low,0.5,False
2024-04-26,oos,True,realized_vol_ratio_15_60,mid,1.0,False
2024-04-29,oos,True,realized_vol_ratio_15_60,high,0.75,False
2024-04-30,oos,True,realized_vol_ratio_15_60,low,0.5,False
2024-05-01,oos,True,realized_vol_ratio_15_60,high,0.75,False
2024-05-02,oos,True,realized_vol_ratio_15_60,high,0.75,False
2024-05-06,oos,True,realized_vol_ratio_15_60,low,0.5,False
2024-05-08,oos,True,realized_vol_ratio_15_60,low,0.5,False
2024-05-09,oos,True,realized_vol_ratio_15_60,low,0.5,False
2024-05-10,oos,True,realized_vol_ratio_15_60,mid,1.0,False
2024-05-14,oos,True,realized_vol_ratio_15_60,mid,1.0,False
2024-05-15,oos,True,realized_vol_ratio_15_60,low,0.5,False
2024-05-21,oos,True,realized_vol_ratio_15_60,low,0.5,False
2024-05-23,oos,True,realized_vol_ratio_15_60,low,0.5,False
2024-05-24,oos,True,realized_vol_ratio_15_60,high,0.75,False
2024-05-29,oos,True,realized_vol_ratio_15_60,mid,1.0,False
2024-05-30,oos,True,realized_vol_ratio_15_60,low,0.5,False
2024-05-31,oos,True,realized_vol_ratio_15_60,high,0.75,False
2024-06-03,oos,True,realized_vol_ratio_15_60,low,0.5,False
2024-06-04,oos,True,realized_vol_ratio_15_60,high,0.75,False
2024-06-05,oos,True,realized_vol_ratio_15_60,low,0.5,False
2024-06-07,oos,True,realized_vol_ratio_15_60,low,0.5,False
2024-06-10,oos,True,realized_vol_ratio_15_60,mid,1.0,False
2024-06-11,oos,True,realized_vol_ratio_15_60,low,0.5,False
2024-06-12,oos,True,realized_vol_ratio_15_60,low,0.5,False
2024-06-13,oos,True,realized_vol_ratio_15_60,high,0.75,False
2024-06-17,oos,True,realized_vol_ratio_15_60,mid,1.0,False
2024-06-18,oos,True,realized_vol_ratio_15_60,low,0.5,False
2024-06-20,oos,True,realized_vol_ratio_15_60,low,0.5,False
2024-06-24,oos,True,realized_vol_ratio_15_60,high,0.75,False
2024-06-25,oos,True,realized_vol_ratio_15_60,high,0.75,False
2024-06-26,oos,True,realized_vol_ratio_15_60,mid,1.0,False
2024-06-27,oos,True,realized_vol_ratio_15_60,mid,1.0,False
2024-06-28,oos,True,realized_vol_ratio_15_60,mid,1.0,False
2024-07-01,oos,True,realized_vol_ratio_15_60,high,0.75,False
2024-07-02,oos,True,realized_vol_ratio_15_60,low,0.5,False
2024-07-03,oos,True,realized_vol_ratio_15_60,mid,1.0,False
2024-07-05,oos,True,realized_vol_ratio_15_60,mid,1.0,False
2024-07-08,oos,True,realized_vol_ratio_15_60,low,0.5,False
2024-07-09,oos,True,realized_vol_ratio_15_60,mid,1.0,False
2024-07-10,oos,True,realized_vol_ratio_15_60,mid,1.0,False
2024-07-11,oos,True,realized_vol_ratio_15_60,high,0.75,False
2024-07-12,oos,True,realized_vol_ratio_15_60,mid,1.0,False
2024-07-15,oos,True,realized_vol_ratio_15_60,low,0.5,False
2024-07-16,oos,True,realized_vol_ratio_15_60,high,0.75,False
2024-07-17,oos,True,realized_vol_ratio_15_60,high,0.75,False
2024-07-18,oos,True,realized_vol_ratio_15_60,low,0.5,False
2024-07-19,oos,True,realized_vol_ratio_15_60,low,0.5,False
2024-07-22,oos,True,realized_vol_ratio_15_60,high,0.75,False
2024-07-23,oos,True,realized_vol_ratio_15_60,low,0.5,False
2024-07-24,oos,True,realized_vol_ratio_15_60,low,0.5,False
2024-07-30,oos,True,realized_vol_ratio_15_60,mid,1.0,False
2024-08-07,oos,True,realized_vol_ratio_15_60,high,0.75,False
2024-08-12,oos,True,realized_vol_ratio_15_60,low,0.5,False
2024-08-13,oos,True,realized_vol_ratio_15_60,high,0.75,False
2024-08-14,oos,True,realized_vol_ratio_15_60,mid,1.0,False
2024-08-15,oos,True,realized_vol_ratio_15_60,low,0.5,False
2024-08-16,oos,True,realized_vol_ratio_15_60,mid,1.0,False
2024-08-19,oos,True,realized_vol_ratio_15_60,high,0.75,False
2024-08-20,oos,True,realized_vol_ratio_15_60,low,0.5,False
2024-08-21,oos,True,realized_vol_ratio_15_60,high,0.75,False
2024-08-22,oos,True,realized_vol_ratio_15_60,mid,1.0,False
2024-08-23,oos,True,realized_vol_ratio_15_60,high,0.75,False
2024-08-26,oos,True,realized_vol_ratio_15_60,mid,1.0,False
2024-08-27,oos,True,realized_vol_ratio_15_60,low,0.5,False
2024-08-28,oos,True,realized_vol_ratio_15_60,low,0.5,False
2024-08-30,oos,True,realized_vol_ratio_15_60,high,0.75,False
2024-09-09,oos,True,realized_vol_ratio_15_60,high,0.75,False
2024-09-13,oos,True,realized_vol_ratio_15_60,mid,1.0,False
2024-09-16,oos,True,realized_vol_ratio_15_60,high,0.75,False
2024-09-17,oos,True,realized_vol_ratio_15_60,mid,1.0,False
2024-09-18,oos,True,realized_vol_ratio_15_60,high,0.75,False
2024-09-19,oos,True,realized_vol_ratio_15_60,low,0.5,False
2024-09-23,oos,True,realized_vol_ratio_15_60,mid,1.0,False
2024-09-24,oos,True,realized_vol_ratio_15_60,high,0.75,False
2024-09-25,oos,True,realized_vol_ratio_15_60,mid,1.0,False
2024-09-26,oos,True,realized_vol_ratio_15_60,low,0.5,False
2024-09-27,oos,True,realized_vol_ratio_15_60,high,0.75,False
2024-09-30,oos,True,realized_vol_ratio_15_60,low,0.5,False
2024-10-02,oos,True,realized_vol_ratio_15_60,low,0.5,False
2024-10-03,oos,True,realized_vol_ratio_15_60,high,0.75,False
2024-10-07,oos,True,realized_vol_ratio_15_60,mid,1.0,False
2024-10-08,oos,True,realized_vol_ratio_15_60,high,0.75,False
2024-10-09,oos,True,realized_vol_ratio_15_60,mid,1.0,False
2024-10-10,oos,True,realized_vol_ratio_15_60,high,0.75,False
2024-10-11,oos,True,realized_vol_ratio_15_60,high,0.75,False
2024-10-14,oos,True,realized_vol_ratio_15_60,mid,1.0,False
2024-10-15,oos,True,realized_vol_ratio_15_60,mid,1.0,False
2024-10-18,oos,True,realized_vol_ratio_15_60,low,0.5,False
2024-10-21,oos,True,realized_vol_ratio_15_60,mid,1.0,False
2024-10-22,oos,True,realized_vol_ratio_15_60,high,0.75,False
2024-10-23,oos,True,realized_vol_ratio_15_60,mid,1.0,False
2024-10-24,oos,True,realized_vol_ratio_15_60,high,0.75,False
2024-10-25,oos,True,realized_vol_ratio_15_60,mid,1.0,False
2024-10-28,oos,True,realized_vol_ratio_15_60,mid,1.0,False
2024-10-29,oos,True,realized_vol_ratio_15_60,low,0.5,False
2024-10-30,oos,True,realized_vol_ratio_15_60,low,0.5,False
2024-10-31,oos,True,realized_vol_ratio_15_60,high,0.75,False
2024-11-01,oos,True,realized_vol_ratio_15_60,high,0.75,False
2024-11-04,oos,True,realized_vol_ratio_15_60,mid,1.0,False
2024-11-05,oos,True,realized_vol_ratio_15_60,high,0.75,False
2024-11-06,oos,True,realized_vol_ratio_15_60,low,0.5,False
2024-11-07,oos,True,realized_vol_ratio_15_60,mid,1.0,False
2024-11-08,oos,True,realized_vol_ratio_15_60,mid,1.0,False
2024-11-11,oos,True,realized_vol_ratio_15_60,mid,1.0,False
2024-11-12,oos,True,realized_vol_ratio_15_60,low,0.5,False
2024-11-13,oos,True,realized_vol_ratio_15_60,high,0.75,False
2024-11-14,oos,True,realized_vol_ratio_15_60,mid,1.0,False
2024-11-15,oos,True,realized_vol_ratio_15_60,high,0.75,False
2024-11-18,oos,True,realized_vol_ratio_15_60,high,0.75,False
2024-11-19,oos,True,realized_vol_ratio_15_60,low,0.5,False
2024-11-20,oos,True,realized_vol_ratio_15_60,high,0.75,False
2024-11-26,oos,True,realized_vol_ratio_15_60,low,0.5,False
2024-11-27,oos,True,realized_vol_ratio_15_60,mid,1.0,False
2024-11-29,oos,True,realized_vol_ratio_15_60,mid,1.0,False
2024-12-02,oos,True,realized_vol_ratio_15_60,high,0.75,False
2024-12-03,oos,True,realized_vol_ratio_15_60,low,0.5,False
2024-12-04,oos,True,realized_vol_ratio_15_60,mid,1.0,False
2024-12-06,oos,True,realized_vol_ratio_15_60,mid,1.0,False
2024-12-09,oos,True,realized_vol_ratio_15_60,low,0.5,False
2024-12-10,oos,True,realized_vol_ratio_15_60,high,0.75,False
2024-12-11,oos,True,realized_vol_ratio_15_60,mid,1.0,False
2024-12-12,oos,True,realized_vol_ratio_15_60,low,0.5,False
2024-12-13,oos,True,realized_vol_ratio_15_60,high,0.75,False
2024-12-16,oos,True,realized_vol_ratio_15_60,low,0.5,False
2024-12-17,oos,True,realized_vol_ratio_15_60,high,0.75,False
2024-12-18,oos,True,realized_vol_ratio_15_60,low,0.5,False
2024-12-24,oos,True,realized_vol_ratio_15_60,low,0.5,False
2024-12-26,oos,True,realized_vol_ratio_15_60,low,0.5,False
2024-12-31,oos,True,realized_vol_ratio_15_60,mid,1.0,False
2025-01-06,oos,True,realized_vol_ratio_15_60,low,0.5,False
2025-01-14,oos,True,realized_vol_ratio_15_60,low,0.5,False
2025-01-15,oos,True,realized_vol_ratio_15_60,mid,1.0,False
2025-01-16,oos,True,realized_vol_ratio_15_60,high,0.75,False
2025-01-20,oos,True,realized_vol_ratio_15_60,high,0.75,False
2025-01-22,oos,True,realized_vol_ratio_15_60,low,0.5,False
2025-01-23,oos,True,realized_vol_ratio_15_60,mid,1.0,False
2025-01-24,oos,True,realized_vol_ratio_15_60,mid,1.0,False
2025-01-29,oos,True,realized_vol_ratio_15_60,low,0.5,False
2025-01-31,oos,True,realized_vol_ratio_15_60,low,0.5,False
2025-02-04,oos,True,realized_vol_ratio_15_60,mid,1.0,False
2025-02-05,oos,True,realized_vol_ratio_15_60,high,0.75,False
2025-02-06,oos,True,realized_vol_ratio_15_60,mid,1.0,False
2025-02-07,oos,True,realized_vol_ratio_15_60,high,0.75,False
2025-02-10,oos,True,realized_vol_ratio_15_60,high,0.75,False
2025-02-11,oos,True,realized_vol_ratio_15_60,high,0.75,False
2025-02-12,oos,True,realized_vol_ratio_15_60,high,0.75,False
2025-02-13,oos,True,realized_vol_ratio_15_60,low,0.5,False
2025-02-14,oos,True,realized_vol_ratio_15_60,low,0.5,False
2025-02-18,oos,True,realized_vol_ratio_15_60,high,0.75,False
2025-02-19,oos,True,realized_vol_ratio_15_60,low,0.5,False
2025-02-20,oos,True,realized_vol_ratio_15_60,high,0.75,False
2025-02-21,oos,True,realized_vol_ratio_15_60,low,0.5,False
2025-03-13,oos,True,realized_vol_ratio_15_60,mid,1.0,False
2025-03-14,oos,True,realized_vol_ratio_15_60,low,0.5,False
2025-03-17,oos,True,realized_vol_ratio_15_60,low,0.5,False
2025-03-19,oos,True,realized_vol_ratio_15_60,low,0.5,False
2025-03-20,oos,True,realized_vol_ratio_15_60,mid,1.0,False
2025-03-24,oos,True,realized_vol_ratio_15_60,low,0.5,False
2025-03-25,oos,True,realized_vol_ratio_15_60,mid,1.0,False
2025-03-26,oos,True,realized_vol_ratio_15_60,high,0.75,False
2025-03-31,oos,True,realized_vol_ratio_15_60,low,0.5,False
2025-04-14,oos,True,realized_vol_ratio_15_60,low,0.5,False
2025-04-16,oos,True,realized_vol_ratio_15_60,high,0.75,False
2025-04-22,oos,True,realized_vol_ratio_15_60,mid,1.0,False
2025-04-24,oos,True,realized_vol_ratio_15_60,low,0.5,False
2025-05-01,oos,True,realized_vol_ratio_15_60,low,0.5,False
2025-05-05,oos,True,realized_vol_ratio_15_60,high,0.75,False
2025-05-06,oos,True,realized_vol_ratio_15_60,low,0.5,False
2025-05-07,oos,True,realized_vol_ratio_15_60,mid,1.0,False
2025-05-08,oos,True,realized_vol_ratio_15_60,high,0.75,False
2025-05-09,oos,True,realized_vol_ratio_15_60,mid,1.0,False
2025-05-12,oos,True,realized_vol_ratio_15_60,low,0.5,False
2025-05-13,oos,True,realized_vol_ratio_15_60,mid,1.0,False
2025-05-14,oos,True,realized_vol_ratio_15_60,mid,1.0,False
2025-05-15,oos,True,realized_vol_ratio_15_60,mid,1.0,False
2025-05-16,oos,True,realized_vol_ratio_15_60,low,0.5,False
2025-05-19,oos,True,realized_vol_ratio_15_60,mid,1.0,False
2025-05-20,oos,True,realized_vol_ratio_15_60,low,0.5,False
2025-05-21,oos,True,realized_vol_ratio_15_60,mid,1.0,False
2025-05-27,oos,True,realized_vol_ratio_15_60,low,0.5,False
2025-05-28,oos,True,realized_vol_ratio_15_60,low,0.5,False
2025-05-30,oos,True,realized_vol_ratio_15_60,low,0.5,False
2025-06-03,oos,True,realized_vol_ratio_15_60,mid,1.0,False
2025-06-04,oos,True,realized_vol_ratio_15_60,high,0.75,False
2025-06-06,oos,True,realized_vol_ratio_15_60,high,0.75,False
2025-06-09,oos,True,realized_vol_ratio_15_60,mid,1.0,False
2025-06-10,oos,True,realized_vol_ratio_15_60,high,0.75,False
2025-06-11,oos,True,realized_vol_ratio_15_60,low,0.5,False
2025-06-12,oos,True,realized_vol_ratio_15_60,high,0.75,False
2025-06-13,oos,True,realized_vol_ratio_15_60,low,0.5,False
2025-06-16,oos,True,realized_vol_ratio_15_60,high,0.75,False
2025-06-17,oos,True,realized_vol_ratio_15_60,low,0.5,False
2025-06-18,oos,True,realized_vol_ratio_15_60,high,0.75,False
2025-06-19,oos,True,realized_vol_ratio_15_60,high,0.75,False
2025-06-23,oos,True,realized_vol_ratio_15_60,low,0.5,False
2025-06-24,oos,True,realized_vol_ratio_15_60,low,0.5,False
2025-06-25,oos,True,realized_vol_ratio_15_60,mid,1.0,False
2025-06-26,oos,True,realized_vol_ratio_15_60,low,0.5,False
2025-06-27,oos,True,realized_vol_ratio_15_60,mid,1.0,False
2025-07-01,oos,True,realized_vol_ratio_15_60,mid,1.0,False
2025-07-02,oos,True,realized_vol_ratio_15_60,mid,1.0,False
2025-07-03,oos,True,realized_vol_ratio_15_60,high,0.75,False
2025-07-07,oos,True,realized_vol_ratio_15_60,low,0.5,False
2025-07-08,oos,True,realized_vol_ratio_15_60,high,0.75,False
2025-07-09,oos,True,realized_vol_ratio_15_60,high,0.75,False
2025-07-10,oos,True,realized_vol_ratio_15_60,high,0.75,False
2025-07-11,oos,True,realized_vol_ratio_15_60,low,0.5,False
2025-07-14,oos,True,realized_vol_ratio_15_60,low,0.5,False
2025-07-15,oos,True,realized_vol_ratio_15_60,high,0.75,False
2025-07-16,oos,True,realized_vol_ratio_15_60,high,0.75,False
2025-07-17,oos,True,realized_vol_ratio_15_60,low,0.5,False
2025-07-18,oos,True,realized_vol_ratio_15_60,mid,1.0,False
2025-07-21,oos,True,realized_vol_ratio_15_60,high,0.75,False
2025-07-23,oos,True,realized_vol_ratio_15_60,low,0.5,False
2025-07-24,oos,True,realized_vol_ratio_15_60,mid,1.0,False
2025-07-25,oos,True,realized_vol_ratio_15_60,mid,1.0,False
2025-07-29,oos,True,realized_vol_ratio_15_60,mid,1.0,False
2025-07-31,oos,True,realized_vol_ratio_15_60,low,0.5,False
2025-08-04,oos,True,realized_vol_ratio_15_60,mid,1.0,False
2025-08-05,oos,True,realized_vol_ratio_15_60,mid,1.0,False
2025-08-07,oos,True,realized_vol_ratio_15_60,mid,1.0,False
2025-08-08,oos,True,realized_vol_ratio_15_60,high,0.75,False
2025-08-11,oos,True,realized_vol_ratio_15_60,low,0.5,False
2025-08-13,oos,True,realized_vol_ratio_15_60,high,0.75,False
2025-08-14,oos,True,realized_vol_ratio_15_60,low,0.5,False
2025-08-15,oos,True,realized_vol_ratio_15_60,low,0.5,False
2025-08-18,oos,True,realized_vol_ratio_15_60,low,0.5,False
2025-08-19,oos,True,realized_vol_ratio_15_60,low,0.5,False
2025-08-25,oos,True,realized_vol_ratio_15_60,low,0.5,False
2025-08-26,oos,True,realized_vol_ratio_15_60,low,0.5,False
2025-08-27,oos,True,realized_vol_ratio_15_60,low,0.5,False
2025-08-28,oos,True,realized_vol_ratio_15_60,low,0.5,False
2025-08-29,oos,True,realized_vol_ratio_15_60,high,0.75,False
2025-09-03,oos,True,realized_vol_ratio_15_60,high,0.75,False
2025-09-04,oos,True,realized_vol_ratio_15_60,high,0.75,False
2025-09-08,oos,True,realized_vol_ratio_15_60,low,0.5,False
2025-09-09,oos,True,realized_vol_ratio_15_60,high,0.75,False
2025-09-11,oos,True,realized_vol_ratio_15_60,mid,1.0,False
2025-09-12,oos,True,realized_vol_ratio_15_60,mid,1.0,False
2025-09-17,oos,True,realized_vol_ratio_15_60,high,0.75,False
2025-09-18,oos,True,realized_vol_ratio_15_60,high,0.75,False
2025-09-22,oos,True,realized_vol_ratio_15_60,mid,1.0,False
2025-09-24,oos,True,realized_vol_ratio_15_60,low,0.5,False
2025-09-25,oos,True,realized_vol_ratio_15_60,low,0.5,False
2025-09-26,oos,True,realized_vol_ratio_15_60,low,0.5,False
2025-09-29,oos,True,realized_vol_ratio_15_60,high,0.75,False
2025-09-30,oos,True,realized_vol_ratio_15_60,mid,1.0,False
2025-10-01,oos,True,realized_vol_ratio_15_60,low,0.5,False
2025-10-02,oos,True,realized_vol_ratio_15_60,low,0.5,False
2025-10-03,oos,True,realized_vol_ratio_15_60,high,0.75,False
2025-10-07,oos,True,realized_vol_ratio_15_60,mid,1.0,False
2025-10-08,oos,True,realized_vol_ratio_15_60,high,0.75,False
2025-10-09,oos,True,realized_vol_ratio_15_60,low,0.5,False
2025-10-10,oos,True,realized_vol_ratio_15_60,high,0.75,False
2025-10-14,oos,True,realized_vol_ratio_15_60,low,0.5,False
2025-10-20,oos,True,realized_vol_ratio_15_60,low,0.5,False
2025-10-21,oos,True,realized_vol_ratio_15_60,mid,1.0,False
2025-10-22,oos,True,realized_vol_ratio_15_60,mid,1.0,False
2025-10-23,oos,True,realized_vol_ratio_15_60,low,0.5,False
2025-10-27,oos,True,realized_vol_ratio_15_60,low,0.5,False
2025-10-28,oos,True,realized_vol_ratio_15_60,low,0.5,False
2025-10-29,oos,True,realized_vol_ratio_15_60,mid,1.0,False
2025-10-30,oos,True,realized_vol_ratio_15_60,low,0.5,False
2025-10-31,oos,True,realized_vol_ratio_15_60,mid,1.0,False
2025-11-03,oos,True,realized_vol_ratio_15_60,high,0.75,False
2025-11-04,oos,True,realized_vol_ratio_15_60,low,0.5,False
2025-11-10,oos,True,realized_vol_ratio_15_60,low,0.5,False
2025-11-11,oos,True,realized_vol_ratio_15_60,high,0.75,False
2025-11-12,oos,True,realized_vol_ratio_15_60,low,0.5,False
2025-11-17,oos,True,realized_vol_ratio_15_60,low,0.5,False
2025-11-25,oos,True,realized_vol_ratio_15_60,low,0.5,False
2025-11-28,oos,True,realized_vol_ratio_15_60,mid,1.0,False
2025-12-01,oos,True,realized_vol_ratio_15_60,low,0.5,False
2025-12-02,oos,True,realized_vol_ratio_15_60,high,0.75,False
2025-12-04,oos,True,realized_vol_ratio_15_60,low,0.5,False
2025-12-05,oos,True,realized_vol_ratio_15_60,low,0.5,False
2025-12-08,oos,True,realized_vol_ratio_15_60,low,0.5,False
2025-12-09,oos,True,realized_vol_ratio_15_60,mid,1.0,False
2025-12-10,oos,True,realized_vol_ratio_15_60,high,0.75,False
2025-12-11,oos,True,realized_vol_ratio_15_60,high,0.75,False
2025-12-17,oos,True,realized_vol_ratio_15_60,mid,1.0,False
2025-12-18,oos,True,realized_vol_ratio_15_60,low,0.5,False
2025-12-22,oos,True,realized_vol_ratio_15_60,low,0.5,False
2025-12-23,oos,True,realized_vol_ratio_15_60,low,0.5,False
2025-12-26,oos,True,realized_vol_ratio_15_60,mid,1.0,False
2025-12-31,oos,True,realized_vol_ratio_15_60,mid,1.0,False
2026-01-05,oos,True,realized_vol_ratio_15_60,low,0.5,False
2026-01-06,oos,True,realized_vol_ratio_15_60,mid,1.0,False
2026-01-07,oos,True,realized_vol_ratio_15_60,low,0.5,False
2026-01-12,oos,True,realized_vol_ratio_15_60,low,0.5,False
2026-01-15,oos,True,realized_vol_ratio_15_60,low,0.5,False
2026-01-16,oos,True,realized_vol_ratio_15_60,low,0.5,False
2026-01-19,oos,True,realized_vol_ratio_15_60,mid,1.0,False
2026-01-21,oos,True,realized_vol_ratio_15_60,low,0.5,False
2026-01-26,oos,True,realized_vol_ratio_15_60,low,0.5,False
2026-01-27,oos,True,realized_vol_ratio_15_60,mid,1.0,False
2026-01-28,oos,True,realized_vol_ratio_15_60,low,0.5,False
2026-02-16,oos,True,realized_vol_ratio_15_60,low,0.5,False
2026-03-12,oos,True,realized_vol_ratio_15_60,low,0.5,False
2026-03-16,oos,True,realized_vol_ratio_15_60,mid,1.0,False
